decimal_date;T1;T2;T3;T4;T5
1964.29;6.238113391007911;1.3587049364447357;8.952250383294102;20.055768219970165;15.689878311626655
1964.373;6.552117623400402;1.5095067114658622;9.384700609670364;20.67520061175533;14.810064973987418
1964.456;6.888592899034201;1.6822251922252294;9.86757556138626;21.39653031874982;14.318843761258066
1964.54;7.252599377679356;1.8589493723242985;10.37444045187043;22.039826085040023;14.351113531052214
1964.624;7.667501567741009;2.059976705786443;10.954734621399597;22.754825833736017;14.813334561888484
1964.708;8.108474318711812;2.301237223062481;11.576724585991265;23.543330537750887;15.435818214313128
1964.791;8.550852868020197;2.581474588529214;12.156528053578668;24.32591583964717;16.009435820109136
1964.874;9.052736891742304;2.8853612943303;12.87911909294116;25.18992739524692;16.582483364856742
1964.958;9.609486697384142;3.2100762651889374;13.585706250506624;26.034699318897367;17.214398358497654
1965.042;10.217511837142409;3.59285527002896;14.408180607814169;26.914513627775325;17.860141704473026
1965.123;10.89408705380711;3.968719927800684;15.302279059444889;27.859384715121273;18.51762666072351
1965.204;11.58307152382765;4.444181976293604;16.173658260644537;28.872228927678183;19.278189924960586
1965.288;12.326898699509115;4.986581305303268;17.194622579422848;29.941512187705225;19.94342214328661
1965.371;13.17969179589531;5.5523142185941925;18.23235605767207;31.022370165972436;20.693015810144377
1965.455;14.11113608188023;6.214957121122532;19.391479812099018;32.168918917935045;21.479955051641664
1965.538;15.0880389501869;6.937690874044202;20.66692304805453;33.3651158556796;22.29698758744734
1965.623;16.208945579937296;7.683544795393301;21.99458901858488;34.65473717691393;23.193866221340745
1965.707;17.337800150150546;8.558095016788485;23.368508649916663;36.06175794825209;24.048375704996136
1965.79;18.62089484540663;9.592959032480078;24.949291743464467;37.411312876026294;24.972813106871804
1965.874;20.079016780480497;10.711512443010248;26.6581654840199;38.956565553042424;25.920395755773523
1965.958;21.65036772116049;11.919334167321312;28.48126321012063;40.57446289279345;26.936324262901415
1966.042;23.313222958552924;13.290975637656665;30.47245498433948;42.27070749906264;28.039616951215216
1966.123;25.154746880590235;14.847105728809916;32.67334263609579;44.112486656655705;29.105427465579087
1966.204;27.22349503752835;16.585661134300793;34.99994027279245;46.07092159193637;30.295624894273377
1966.288;29.533313314039724;18.532708182995012;37.54415726630507;48.05934899779826;31.462482745638397
1966.371;32.07660369162893;20.76726470859783;40.34017734482766;50.25210219392034;32.75166191489685
1966.455;34.85145449826895;23.278595294042105;43.41730650369827;52.65329554116848;34.18607820651821
1966.538;37.889976917237625;26.10139805225366;46.77289678872871;55.190971449327506;35.58036287256719
1966.623;41.20726965331051;29.26654499065557;50.363056061922464;57.8247487473932;37.07873148779501
1966.707;44.86373845674789;32.79417153877214;54.21036003640743;60.60420817490032;38.68299651624981
1966.79;48.852942487356394;36.695369988322255;58.36579514216507;63.670145841998554;40.35109026569392
1966.874;53.1354518413387;40.98234546846989;62.761199072795534;66.91796676357681;42.14052831905019
1966.958;57.696910064809;45.64929719341754;67.34513169364148;70.23313839092835;44.099876021979014
1967.042;62.489108631456176;50.62532916796284;72.12836806777757;73.70862500256959;46.09325006438812
1967.123;67.42837885685026;55.83052276678179;77.08512205315255;77.68249402522079;48.1672019128087
1967.204;72.4897967072777;61.18506518842256;82.10987803542595;81.98856993909088;50.47591683288987
1967.288;77.66508666521916;66.59468539593101;87.22341283540315;86.48090584653137;52.9482986284049
1967.371;82.92468586510675;72.05471190341999;92.42720470896164;91.22293840163992;55.46327042959918
1967.455;88.21190186119394;77.60938513586946;97.67619939343724;96.22745154731628;58.049099245427136
1967.538;93.49513621437428;83.22917588592148;102.91990373280044;101.39726625469316;60.881952477922646
1967.623;98.75753152316793;88.89132573840591;108.18241783866152;106.9684545709652;64.09145699210085
1967.707;104.1766572321841;94.66511297491782;113.5825974443376;112.80066970123106;67.51578765682284
1967.79;109.88482004844516;100.70914921690704;119.04039302722629;118.76092351589168;71.1299984608093
1967.874;115.63893692091057;106.78517991935152;124.3573400803678;124.63931002494988;75.0360274220374
1967.958;121.27356837513196;112.69651798964716;129.40471652664635;130.3000248505936;79.093239731421
1968.042;126.70622451797075;118.41557023935748;134.3690632293195;135.88650399658792;83.30337750513317
1968.124;131.92976545666818;124.00817175775424;139.1948946972639;141.24136626196645;87.70970312811926
1968.206;136.9537340015936;129.38934048512456;143.91317997307843;146.32544962349925;92.42689945793316
1968.29;141.7500058198095;134.44517963126717;148.447414394482;151.11822333253718;97.46274232215994
1968.373;146.23262028543488;139.22572477854746;152.68092001511317;155.6452970505802;102.60228840320148
1968.456;150.43381611868216;143.7088348719725;156.66857131809948;159.9683369208607;107.6957273544851
1968.54;154.2925735539683;147.85782948811416;160.37212892038028;164.01036797302623;112.5927506766551
1968.624;157.80948153059038;151.71917870524652;163.75588560395192;167.7959641677183;117.23683705261617
1968.708;161.03650039567017;155.19056064913576;166.8602891220566;171.26849291389271;121.67815791229444
1968.791;163.94318611535166;158.4752193669511;169.72267591031758;174.37428153445856;125.98516617475762
1968.874;166.5824316234217;161.47935824698664;172.29702841769733;177.148809667733;130.06825703296087
1968.958;168.94668822094616;164.1124023439085;174.48710107280786;179.76691415624936;133.799637079532
1969.042;170.982211147297;166.4395540760595;176.37298149140736;182.0984936505723;137.26134123673634
1969.123;172.64443185089073;168.4536033424097;177.93319430270094;184.093004411456;140.47239201060694
1969.204;173.95277631094828;170.10958836104632;179.16690101615444;185.7403245213363;143.40004389587813
1969.288;175.00453292539422;171.433923829977;180.13513459660192;187.0729071233877;146.07980502377615
1969.371;175.8351296671482;172.507397629838;180.88674497172383;188.16052526771992;148.49154455082206
1969.455;176.40487893241476;173.37322030026013;181.34459335390096;189.0776994263482;150.58506060726432
1969.538;176.66507165962895;173.9490335507793;181.48013817325253;189.70258220381535;152.3499133932694
1969.623;176.61037586444832;174.223908475006;181.29141228491304;190.0091470255167;153.87533816821102
1969.707;176.29095722537858;174.21248497856854;180.7984806032023;190.0135766097043;155.27088878082526
1969.79;175.6950702013694;173.94428012443268;180.04718727555047;189.72784611502271;156.33225744498904
1969.874;174.8372333916338;173.42096877056693;179.17631123134623;189.18911035248777;157.07568343059674
1969.958;173.77944747457457;172.6196808651868;178.07533866861706;188.5243714231082;157.4967911001821
1970.042;172.54309938148018;171.61342209914957;176.71216141343035;187.66602348331185;157.68997180996118
1970.123;171.03751225302773;170.42283227287356;175.1444304651506;186.55278523658183;157.74951774371755
1970.204;169.3816545942544;169.00469965578392;173.4435301076346;185.1895742108804;157.5608188814496
1970.288;167.52771338330058;167.33734509192686;171.54631103481776;183.61020949116167;157.08776230426562
1970.371;165.48482287296667;165.44498337031436;169.59280385077437;181.85466809354375;156.33455903061954
1970.455;163.3555694225664;163.3576935528159;167.5126278061652;179.94902034096927;155.33798702514065
1970.538;161.22931788957752;161.0716217077563;165.23179042183042;177.85532994367992;154.16579688357157
1970.623;158.8650356889365;158.7205714947662;162.74364608018087;175.5734458314663;152.8899352094058
1970.707;156.30037511080997;156.29179786848712;160.0773923300954;173.18639612189637;151.48222153998177
1970.79;153.5389592826258;153.72308446527734;157.24153481799416;170.68845106426696;149.93200842366477
1970.874;150.54849651624266;151.04204823723543;154.39922991881667;168.17160735867185;148.1933215386928
1970.958;147.39281036386038;148.1669924275831;151.45927100710398;165.55229291020007;146.3308501749528
1971.042;144.37440184686045;145.1199862894811;148.28448555487978;162.77861529051984;144.44161932214578
1971.123;141.16057650211363;141.9138971740043;144.91381806007794;159.8650665944669;142.33785633933627
1971.204;137.72124009228546;138.63118215521334;141.4136762151163;156.75789183014558;140.14617006595418
1971.288;134.15830122656;135.3571569057106;137.88663825603587;153.5414810397168;137.78040722676195
1971.371;130.53851318997317;131.92469759435778;134.291637494801;150.3380740390532;135.2812306130737
1971.455;126.8192784296257;128.33736590375364;130.58369366214927;147.06106324850558;132.72835952244162
1971.538;123.10856366958782;124.58635387474028;126.75645620747088;143.60134086212872;130.0450552328635
1971.623;119.29596159384654;120.71073187434628;122.76957546328988;140.03362477972675;127.18091125675384
1971.707;115.33388743470664;116.80508482321171;118.71538686871688;136.2604629354401;124.19109555628673
1971.79;111.23783940836152;112.96698965334498;114.69000384862984;132.56899837211228;121.11215632592656
1971.874;107.08368223820932;108.98162573541568;110.63325414040956;128.88871460386795;117.97933925877676
1971.958;103.01502312461696;104.83575772154664;106.44905339583146;125.08518923306532;114.80747918645196
1972.042;98.87374304400872;100.59966248385432;102.1813473175396;121.15465715624684;111.4740326106428
1972.124;94.6510189367867;96.4151542095326;97.9662889738069;117.09960445806324;107.95235316266847
1972.206;90.35610875961432;92.37790062028752;93.86351597348644;113.21802015403284;104.44200596948154
1972.29;86.04680899499978;88.19286186271836;89.73776470095194;109.28750875585034;100.96771595542134
1972.373;81.85290094527154;83.89721850649485;85.49197415544138;105.19122981428671;97.39772357834156
1972.456;77.68770239597308;79.56352213328756;81.22700623180505;101.03416013217684;93.7305170962871
1972.54;73.42247701409588;75.28613602705168;77.22838859664557;96.95359039309588;90.00263483982894
1972.624;69.21345313681738;71.08322406662124;73.25827365337152;92.88425727014756;86.37289822907233
1972.708;65.17796078165215;66.7928824013212;69.3223431536706;88.72586724361705;82.73155841848066
1972.791;61.21010571516205;62.42939846350907;65.52224171149325;84.5092696155857;78.94645934124118
1972.874;57.17958530919491;58.17497797122651;61.88453123498056;80.34937759206083;75.11823125671502
1972.958;53.32712766686918;54.09898397587268;58.23904677321268;76.32219288787694;71.4431714089475
1973.042;49.71900157280709;50.103864604848525;54.53413524448706;72.29201537958772;67.69255088500323
1973.123;46.25831383502762;46.03984993288326;50.99505001623999;68.2712239469967;63.851879975346534
1973.204;42.87133410041267;42.096179892939745;47.59007025983177;64.39274018418818;60.08809418799824
1973.288;39.71652677796272;38.27405182483186;44.18032393795576;60.63678805952678;56.51901253498205
1973.371;36.55055339692872;34.505435839822994;40.74664934951234;56.882021925067264;52.8828698626732
1973.455;33.42525716705709;30.916430544682942;37.440454975356886;53.201210029154126;49.26203761624052
1973.538;30.381607449104923;27.73088567335742;34.267437553002615;49.7969759796504;45.82825123819065
1973.623;27.45500541908204;24.780931731857365;31.28930341004844;46.554455476924126;42.49537849789824
1973.707;24.707276594440263;21.90704519502652;28.414096601501747;43.52444895844141;39.15056551469766
1973.79;22.180497365857075;19.117202382926468;25.56977496432441;40.7567602069346;35.962632973945176
1973.874;19.65512818016512;16.508644669835206;23.119878301699924;38.080685960321745;33.00184309802311
1973.958;17.354321714597713;14.115985989141445;20.715071511329537;35.3253253800579;30.139109146161424
1974.042;15.3817887138464;11.82068866476449;18.49720311183711;32.81500200023367;27.47945279503205
1974.123;13.622676776762312;9.7168837869426;16.65200573067348;30.387375020050406;25.192457494522255
1974.204;12.14997407186306;7.882435500443631;15.18938762684746;28.016890232825023;23.292353387950843
1974.288;11.081889272809624;6.272436452990604;13.963709513462575;25.92009479851533;21.4663981907184
1974.371;10.578301581996849;4.960703038851651;13.323523346416708;23.882882328155727;19.93010777201674
1974.455;10.669093582718329;4.20551173785694;13.450354326625744;22.06268942953447;18.605601505269064
1974.538;11.127007102346244;4.152491339415719;13.968255779624146;20.50746202768855;17.513855557785895
1974.623;11.534864477558507;4.408904406609697;14.508332101883406;19.20587696028971;16.83182260810425
1974.707;11.996114859637562;4.711175938209389;15.025264742693064;18.1571335613899;16.730854815754256
1974.79;12.479464143095251;5.01770689763754;15.593128282195426;17.461284893005004;17.08119558956721
1974.874;13.022632315180468;5.396004866554088;16.23411968302497;17.541179282003046;17.559020289044586
1974.958;13.645049101639922;5.79557545120183;16.927945896760725;17.987034830798937;18.066451339187545
1975.042;14.312012845781224;6.277274545538624;17.677364435197635;18.57334665690762;18.606330266367973
1975.123;15.01277711611076;6.76476765338373;18.484203664722106;19.19645872989666;19.141448976000607
1975.204;15.785495553875432;7.312304754053606;19.3111623401086;19.78355116248217;19.75700139615931
1975.288;16.657212369467025;7.959100998309698;20.285578622060584;20.47227637935729;20.30853721846316
1975.371;17.601208528234537;8.626303724376207;21.329464144085517;21.20344983390415;20.96278721799616
1975.455;18.599912982618047;9.439354289032556;22.42469143733044;21.963613471915505;21.709030611633285
1975.538;19.7251618170748;10.29553901454744;23.60373456313162;22.75944670892466;22.39895462001938
1975.623;20.866586695874787;11.204037061177509;24.89377247762008;23.605408249098176;23.23987841424912
1975.707;22.216691307100117;12.232883194372326;26.258174338982208;24.51810563113613;24.000370683213887
1975.79;23.701992809604935;13.415804807164326;27.817532884029266;25.513416285529903;24.91089193040608
1975.874;25.22613323399984;14.660392669167956;29.447702061712477;26.56018887656697;25.899556846187103
1975.958;26.89084225517467;16.06005092622305;31.155989827889783;27.642717794949803;26.86181107949079
1976.042;28.790227533554788;17.62783175275545;33.079776149757585;28.8014500140166;28.00611880065011
1976.124;30.839005913542476;19.341962457746916;35.20174310436812;30.10296026788833;29.107937120051055
1976.206;33.02745566912375;21.202768669724513;37.41181096879804;31.414022979822967;30.369586767975413
1976.29;35.44091182294451;23.2753475111604;39.83958936023533;32.88205356195926;31.74688456687987
1976.373;38.16020642352489;25.651452801312303;42.50854479334996;34.399667767543754;33.15600000552748
1976.456;41.10110620278984;28.31347843202229;45.40092983721525;35.995267753299416;34.63881132361018
1976.54;44.35344868599046;31.26765366848864;48.564887640032495;37.83296191586513;36.347396312786195
1976.624;47.9065812814309;34.54401668698317;51.95731841573907;39.75827369399315;38.159217799791755
1976.708;51.76195605140556;38.17870671444757;55.654661444609;41.73268274052375;40.07333216051004
1976.791;55.92798943743561;42.19348714322549;59.67646261395839;43.90244831072899;42.15491567001549
1976.874;60.40393645076271;46.65418243664578;64.00660995358685;46.31489686897975;44.45675234826
1976.958;65.26800507199955;51.52095797744929;68.62282025474094;48.91053221535616;46.95057060849829
1977.042;70.45953050952878;56.73946682352088;73.51737935901059;51.64086838323267;49.61691582345947
1977.123;75.87955766018834;62.259146791664634;78.5733830484036;54.55591832277887;52.471197688468095
1977.204;81.40109441913498;68.00643609900465;83.91752203613835;57.73029056246266;55.55376037148971
1977.288;87.02000331879859;73.86038793900684;89.45182291228377;61.20289073882971;58.89697246581622
1977.371;93.17624487996802;79.8845543283678;95.00551359778368;65.04397044424704;62.48527704373482
1977.455;99.5542972168003;86.24748373119296;100.66183579643476;69.33513135761767;66.19447514430371
1977.538;106.14397043653123;92.99461796106414;106.52320260849991;73.98239015069267;70.15893801935952
1977.623;112.91387196438848;99.96414510896858;112.50423229449515;78.96517094642067;74.53827178634273
1977.707;119.78671760009776;107.12550451143348;118.72722356964172;84.19094133864638;79.32016976489588
1977.79;126.72953649865256;114.41706136773426;125.2503837460448;89.61254925774924;84.38319640965994
1977.874;133.70637138889603;121.7579484927391;131.92391734176744;95.21131820849313;89.75168017168491
1977.958;140.5779501570957;128.99943450929507;138.65885697109;100.9128647941744;95.56377641601628
1978.042;147.26512117967962;135.99798167669212;145.3227092908363;106.69347025019005;101.86893407823707
1978.123;153.74892911162104;142.7718101788472;151.81935787645486;112.63034055880055;108.47615830124596
1978.204;160.0094642592905;149.4128132061297;158.09877046889778;118.68748793410995;115.1076683536902
1978.288;165.89249001807707;155.73563898189312;164.12512333652535;124.79474769886666;121.59494223005572
1978.371;171.57216000031818;161.70833400415776;169.8299171480489;130.90695639939403;127.847056329806
1978.455;176.91815363733494;167.361840122787;175.18451526548313;136.80087293874826;133.92382390787606
1978.538;181.8853414154075;172.61903291543751;180.30097325821063;142.49001653767513;139.7862835890396
1978.623;186.5560232516416;177.57867834229174;185.1293833758405;147.99756823337478;145.40265191673132
1978.707;190.91250071770267;182.1351127530204;189.6024193316308;153.30957350633352;150.76840402192673
1978.79;194.91292550392424;186.34814756128657;193.76598186949624;158.35290664281348;155.7896396797002
1978.874;198.61487209501425;190.2788998215288;197.5272124275457;163.0078371189873;160.52467118604463
1978.958;201.98183878208343;193.88629307401817;200.93644359127245;167.34434095867255;164.88972490250612
1979.042;204.95427526945045;197.08954525124116;204.0402050556645;171.39891164291117;168.98757435940306
1979.123;207.5488525172551;199.96954208297169;206.86264439558693;175.1700177281684;172.90684167241795
1979.204;209.7914639597028;202.50970968458265;209.38377588465417;178.63494685278675;176.43143608596057
1979.288;211.7781712029004;204.68267411609295;211.520606977974;181.77918819787035;179.5951033395825
1979.371;213.49390122423472;206.4801653137087;213.3165254942336;184.61807685011192;182.47969043758096
1979.455;214.8863380074403;207.91953011651623;214.79607575508;187.10719560094364;185.0552410598261
1979.538;215.92887396727707;209.13155838511585;215.94134052965504;189.2683994013112;187.3125163267026
1979.623;216.634376890974;210.0886364017852;216.75577396698617;191.15959494875713;189.31504666362727
1979.707;217.0071284176852;210.73314352620503;217.3172228857192;192.81329130065768;191.0046388442261
1979.79;217.0800818069081;211.0425887801047;217.61867906659057;194.16795375130795;192.39986532305
1979.874;216.90164361046973;211.04281490281423;217.61022246402464;195.1941071140639;193.4724696894505
1979.958;216.50305861876424;210.72840463659065;217.2833923282919;195.8910869790314;194.21791627367725
1980.042;215.87232722938447;210.115298448769;216.66336564808427;196.27813440857716;194.68401321687008
1980.124;214.99098106708743;209.24250659074673;215.77435218843584;196.40548559857865;194.9506912050729
1980.206;213.83683519419617;208.1970026139048;214.57704153359936;196.35383583124496;194.9295757830671
1980.29;212.40959673334496;207.02284285022864;213.26685309957435;196.04474394681745;194.64386773771412
1980.373;210.7166467856266;205.5799071981207;211.7579980675376;195.48487758264469;194.08499877558663
1980.456;208.78227987952593;203.8828430210718;209.9859194418576;194.66696871159732;193.23456271871515
1980.54;206.7200147267855;201.9452229215689;207.9731338184799;193.58160658432516;192.13256661981677
1980.624;204.4800235340023;199.77021288146943;205.74317961534615;192.25545007966477;190.9854734350384
1980.708;202.0201616440049;197.37159393803347;203.26543806628877;190.82306621113125;189.71952564561855
1980.791;199.34188453801983;194.80662890051423;200.69056990022688;189.1577264647732;188.2958720180621
1980.874;196.50146158866212;192.23121995523832;198.10688512399108;187.2440325547539;186.67799493601012
1980.958;193.58433652536223;189.57104674563172;195.46322649938912;185.09447584996613;184.83878137616784
1981.042;190.5542328438891;186.7735307742457;192.62226922549337;182.75275984577465;182.8152228263937
1981.123;187.489901383657;183.80402376111337;189.6090153387472;180.36224432996937;180.72727720851353
1981.204;184.3373899642958;180.64780771066023;186.49134574797392;178.0122530214181;178.50948995604773
1981.288;181.0165904890975;177.33604646535528;183.24272362943933;175.5594883312308;176.11531707133523
1981.371;177.54777572709142;173.82836735791346;179.8985690322053;172.91429008926326;173.55668005149545
1981.455;173.98774345589956;170.28551770385178;176.5129175297319;170.0904905803637;170.8627330785031
1981.538;170.24321560175807;166.72471124927063;172.94954691730163;167.14954726171172;167.99220465276204
1981.623;166.50796347518573;163.04505088662435;169.2544983622575;164.07788840924115;165.09234032741332
1981.707;162.7864238821776;159.21235970556407;165.43999663661504;161.03434237919876;162.10150427090753
1981.79;158.88032118754876;155.2677788533138;161.5339813626838;157.88994207280527;158.92753887169357
1981.874;154.88161934470247;151.18041312382334;157.57784151082234;154.55087284455917;155.58855097598328
1981.958;150.79411374549468;147.06722496133932;153.6018306474598;151.0823323230641;152.1483807413852
1982.042;146.5819298216557;142.97301309868885;149.57399370364655;147.46093566033483;148.6470508226199
1982.123;142.33226201362092;138.77754393881125;145.39592290295766;143.842627025002;145.0599683432323
1982.204;138.12265947473014;134.4792155036557;141.07342670758166;140.22115640310014;141.34716668960294
1982.288;133.85498105077164;130.0430946446032;136.75221701529713;136.49662880231088;137.51371043199634
1982.371;129.4617190759488;125.530698860203;132.5636120981502;132.5945191287147;133.63879618921686
1982.455;124.96014006603488;121.03006747002657;128.26057698320653;128.57761305242653;129.6240041447989
1982.538;120.52024301738672;116.56487247303951;123.8944856353606;124.62311175647314;125.56460462623168
1982.623;116.16664596302816;112.03230641242766;119.4449956735191;120.67313754113388;121.50067612398082
1982.707;111.72742268092072;107.46577209328288;115.075661302752;116.62841178968154;117.39673867554464
1982.79;107.23682388048027;102.79605075491229;110.91994694447672;112.50703054202052;113.19519288641224
1982.874;102.68853319499436;98.1466262427713;106.76910661238082;108.438673329113;108.89818880404584
1982.958;98.29657514631472;93.60753717887556;102.7299942856315;104.34389335389965;104.73221489294788
1983.042;94.0432865513396;89.04999342151237;98.83804123715738;100.25742216652505;100.60291366315074
1983.123;89.76037052339449;84.4755427136388;95.0449862696238;96.14584458387088;96.36105233472033
1983.204;85.50089125300897;79.94542909479627;91.23482474393532;91.99186104346278;92.01081638519886
1983.288;81.5837978660731;75.53850159792286;87.30363589575111;87.85784910779458;87.76956277179043
1983.371;77.89624036847967;71.23252268906427;83.31940931762772;83.89407841460114;83.57924821855934
1983.455;74.21813930727805;66.93292794931527;79.50658715325955;79.90209483913233;79.3446509331313
1983.538;70.45522895269501;62.65245213972318;75.68783147187082;75.8794640764129;75.07954189936804
1983.623;66.7258631065198;58.66847444992648;71.74496325827675;71.96956083918441;70.89436773857659
1983.707;63.16056074174074;54.95483690413411;67.8086325876374;68.23771305143396;66.88222179630571
1983.79;59.534667895308914;51.310062389778494;64.1356044469194;64.56444404109648;62.86768495574257
1983.874;55.86624938696903;47.671825711165155;60.4531966782661;61.07752002717017;58.945410599128984
1983.958;52.27264589493505;44.29939005892682;56.74403587981399;57.948356967523715;55.19464754749031
1984.042;48.80822062944367;40.929205938068165;53.15019222442394;54.95359207130561;51.60156616887875
1984.124;45.35457457898501;37.567777690414985;49.68088844372425;51.925393272765746;48.14140013746391
1984.206;42.098953849517024;34.29819455991893;46.107514551880435;48.93749767280139;45.07402166995734
1984.29;38.9327964369316;31.100584149164575;42.76517424239636;46.0781341995185;42.08969704318014
1984.373;35.77980482095384;27.8993819304418;39.49107431282835;43.15919420545771;39.19633064880752
1984.456;32.67324243514449;25.02485137811923;36.32255598259551;40.339648176308096;36.44382669336174
1984.54;29.718369122038748;22.178835174846235;33.32719933267652;37.6528819985445;33.7928600550535
1984.624;26.986534081227585;19.52493786458598;30.49187949054298;35.04727324714847;31.121864379177776
1984.708;24.387765488925897;16.997232247258133;27.77565698614242;32.58734389585053;28.726556740877044
1984.791;21.94095545871957;14.509159507209658;25.17242591218456;30.271656326658615;26.448778053280332
1984.874;19.655216506684273;12.535580151638262;22.928434067652613;27.974796817949866;24.32307801100497
1984.958;17.543629588511635;10.639509187689274;20.90943091953435;25.85325604858417;22.425337289630825
1985.042;15.88499728364704;8.961504855544772;18.991162886724055;24.015083356895776;20.71583317649999
1985.123;14.450774588138898;7.653127844130484;17.637862082118986;22.352467966313643;19.20634200641974
1985.204;13.302302206200702;6.828857399220608;16.658414189272833;20.8579621333846;18.144906376791997
1985.288;12.73492643773704;6.583912341994756;16.30108378319825;19.68923677218811;17.503770494045472
1985.371;12.89418055500068;6.954325769008038;16.579647044463247;18.83631065144724;17.392494222986475
1985.455;13.39525618321035;7.409334317081796;17.2121522024281;18.50467530371574;17.871364116983404
1985.538;14.031988080475738;7.912491024210042;17.84333001648019;18.842614180434435;18.357205078761933
1985.623;14.626833988984458;8.487361085921554;18.577860557372627;19.392355988252675;18.843109302022324
1985.707;15.310425641292705;9.074353353232596;19.285958699925164;20.056802088886705;19.383063962130436
1985.79;16.128762992524614;9.748135948482869;20.099029748485812;20.71699327192918;19.95154934670359
1985.874;16.889639965986937;10.502422644568908;21.011637106688195;21.395571203478653;20.552335674117863
1985.958;17.828013994451208;11.32355675738429;21.93026585164205;22.147091960340628;21.2936802326161
1986.042;18.76668944211608;12.232625839763047;22.99692886590615;22.9543626443894;21.975219882955823
1986.123;19.818714800723654;13.221394054577296;24.05905948795587;23.836145128946036;22.768638707654475
1986.204;20.992114966782548;14.224880304005277;25.26090362746448;24.7441960468831;23.63232448743475
1986.288;22.185469702920365;15.460488245375108;26.58080841093716;25.709588834063663;24.55278043743375
1986.371;23.491225280647143;16.763242210010766;27.94458750306033;26.753933333611883;25.59769576834694
1986.455;24.93683059236172;18.150503570764943;29.400247926265205;27.87456345009987;26.63607702032658
1986.538;26.445281963939784;19.69013028447252;31.016522244180873;29.11720569878471;27.802607110563784
1986.623;28.092217083597845;21.375730833308143;32.68093155895075;30.33812903958651;29.096339368914578
1986.707;29.914630400373053;23.12883244298818;34.52299548030865;31.70618900627794;30.45252092196196
1986.79;31.76594842513791;25.113539837854425;36.53722070508297;33.19381987549744;31.874654440211295
1986.874;33.82151632310191;27.32845058441815;38.58373447716126;34.72631647577109;33.515971071212114
1986.958;36.08699624269375;29.732986311605305;40.83718724121673;36.439153307547755;35.26276753546725
1987.042;38.486854667131375;32.31539845552608;43.3187650684654;38.2168854464227;37.12728522142468
1987.123;41.022528290130545;35.11778269311356;45.92192574939893;40.070061662597915;39.176665127285
1987.204;43.79078453162781;38.22276641825933;48.676197181988414;42.12550980039559;41.43459974186802
1987.288;46.8172329289676;41.66015615906297;51.68032752929911;44.38827020696059;43.85835871209254
1987.371;50.0912502484322;45.44781437023265;54.93208459062503;46.71680863288219;46.48002646150974
1987.455;53.58172627568657;49.58330274868968;58.40385821254108;49.16439587360656;49.36074045691479
1987.538;57.308570343178694;54.04367999632368;62.05123408677329;51.902328977674195;52.48261694027399
1987.623;61.34288408171783;58.818956018442734;65.99099889864638;54.881080586161545;55.959219303937154
1987.707;65.77091256520399;63.87541943499224;70.2378824383396;58.18575339693438;59.963546009385546
1987.79;70.71918805301722;69.38466068486458;74.63006730051595;61.97189479750417;64.47042005896387
1987.874;76.03470384270365;75.43383079385849;79.14196453082465;66.19648827908514;69.28783812488187
1987.958;81.70615496022978;81.88788050908994;84.23007219501993;70.77949906869814;74.50047371942162
1988.042;87.6917958248266;88.45352609072003;89.70472266205047;75.65710099470051;80.02065986106318
1988.124;93.812946105962;95.23961130945764;95.34700724452992;80.76958019144465;85.71401193538941
1988.206;99.93292874003996;102.18393726945187;101.10545168738344;86.10270612103338;91.59309370199848
1988.29;106.22048659138602;109.15140803876682;106.9799125229115;91.64982405583952;97.72319295882326
1988.373;112.49184813430502;116.10076756704778;112.90438875033357;97.1240782439112;103.95853185570682
1988.456;118.70983411275309;123.14163618513756;118.86668526665323;102.87918746656534;110.3939871816503
1988.54;124.97424042985304;130.07864258743442;124.82684946475892;108.659243158154;117.0912199934086
1988.624;131.1698475745219;136.8700482239185;130.73067662803;114.38220760342904;123.92002687414067
1988.708;137.1758442251939;143.55943562955363;136.5398420178181;120.19889524466204;130.61638547669477
1988.791;143.1022313464735;150.0953155420587;142.25065626438914;125.86532249671065;137.19505992040067
1988.874;148.84953743062138;156.33880705268498;147.77318784466513;131.49393508374482;143.53446262431166
1988.958;154.31833586390815;162.32967098840538;153.13389879534787;137.0504618992519;149.58526920342769
1989.042;159.61574070714514;168.10494218418174;158.34731366526654;142.5137446366484;155.37335539126033
1989.123;164.72050777635127;173.54558646037117;163.36493265126336;147.82092727795032;160.91713085087702
1989.204;169.56813889192117;178.6514069728135;168.12523823483895;152.84463431846223;166.1696884876841
1989.288;174.14169431963214;183.46808552848375;172.63118271635193;157.7809511157738;171.15398930115626
1989.371;178.44616998354184;187.89820260443477;176.934817724982;162.4220361674706;175.80172634799362
1989.455;182.48452065144969;191.95065055693303;180.9883413493682;166.76712384444252;180.06863551304446
1989.538;186.249856826698;195.70210377841445;184.71379597131383;170.88335151478162;184.01498496556263
1989.623;189.6816307983925;199.1717179204499;188.11722007622495;174.77996927885013;187.7682140123666
1989.707;192.83403255163623;202.33129120335505;191.21113927866645;178.4205470009941;191.16993181772065
1989.79;195.70920907923625;205.1459164852373;194.1180987614004;181.73914641892392;194.196414481432
1989.874;198.2914736390796;207.60820992853863;196.77647643974797;184.7752845771853;196.89190893873933
1989.958;200.62286279907147;209.7775198276184;199.11289174413645;187.5321522598288;199.29728144236813
1990.042;202.6406935718171;211.6341990685048;201.14335162740596;190.00636730262505;201.39261897270316
1990.123;204.35919823693507;213.16261260304657;202.86952345764453;192.268566863488;203.19241476149128
1990.204;205.7947558302143;214.37470240281343;204.33468969356517;194.22566034718383;204.72141932758157
1990.288;206.95891317990757;215.28255240531516;205.5059991145777;195.87734774791764;205.9533078664656
1990.371;207.8535361765307;215.94609522686977;206.43784689805744;197.2416050520796;206.8616787391284
1990.455;208.45097915417503;216.36589101076123;207.19424600486792;198.33542373117655;207.46855210014843
1990.538;208.85642100742027;216.51679538083803;207.68532719923948;199.1697120855672;207.80990537692392
1990.623;209.03796366948583;216.3816470793422;207.89798674613337;199.7594438327428;207.84350917059336
1990.707;208.95750629996056;215.97351323843677;207.8311943264052;200.15996809949456;207.65777430023863
1990.79;208.6115189513173;215.3225851099512;207.51748264781847;200.33578518753197;207.271433010054
1990.874;208.00716774019452;214.4130751705055;206.9673639918905;200.25081788675777;206.60900353307792
1990.958;207.1490328032694;213.23809344237137;206.1681992769584;199.90308824838033;205.67367591273572
1991.042;206.04682098617303;211.8619549993588;205.2573373445624;199.30165800675763;204.49973542163144
1991.123;204.78484042819508;210.36508073903036;204.1377330057961;198.44040486325;203.0941322739302
1991.204;203.40525806613465;208.66877319202737;202.7810161495065;197.43383776464648;201.46925607033776
1991.288;201.8365149454556;206.77937799500336;201.18878685021568;196.26651408988664;199.66301412175127
1991.371;200.0477808989803;204.68311265396952;199.3760336005722;194.86749571753705;197.72457365029217
1991.455;198.04525306800065;202.37713380157783;197.37703267536529;193.24406283015884;195.55948574812152
1991.538;195.8331732634461;199.86916788445677;195.2173880940973;191.4636031680868;193.17727943796416
1991.623;193.41493786549503;197.1737207077565;192.96929405236617;189.47792978003105;190.6923621218014
1991.707;190.8452293033061;194.37705416894747;190.5854955900013;187.32937558968197;188.16006761593636
1991.79;188.3094384276844;191.476057592608;187.99640605809205;185.06131231061937;185.55038027848724
1991.874;185.60187248759385;188.4613374535608;185.23731752247735;182.658573489989;182.99070857104476
1991.958;182.7079899018466;185.30779894120852;182.36122897095893;180.0611513723086;180.26223357793097
1992.042;179.6351619649137;181.9875261011716;179.3098580081064;177.3002894973504;177.38070203680113
1992.124;176.40502869620332;178.53693299864216;176.20516628344154;174.39960002194312;174.34093704188592
1992.206;173.08120639252942;174.98522381791412;173.0675039180422;171.38043842641193;171.12760847868952
1992.29;169.75565810339748;171.4739576104224;169.77022966614618;168.26696262764105;167.8463081118944
1992.373;166.36159636270162;167.9943607275412;166.37452665466904;165.079980245994;164.60589529274577
1992.456;162.8367003692571;164.41637106041622;162.82609645330152;161.7235550319945;161.24622286169463
1992.54;159.19089437093834;160.70625717876865;159.16347598248916;158.2882674004064;157.74298654899954
1992.624;155.47541152501103;156.856314540933;155.51673757320106;154.807666878052;154.1293639218791
1992.708;151.6126915523717;152.92553137149687;151.94861532279432;151.30653701355047;150.3927348103991
1992.791;147.82071321545584;148.9918136088055;148.3144840699322;147.82397903257657;146.57310548245934
1992.874;144.1417074435139;145.06628595490295;144.71981729840647;144.3014302490755;142.79987823570318
1992.958;140.46430834263305;141.07414178614792;141.0896065091482;140.75897282776407;138.94152826427148
1993.042;136.68116327995247;137.03513115251158;137.4866904169997;137.1504929417009;134.94664428764165
1993.123;132.86564783808006;132.92987052262222;133.99378202216798;133.44424918067986;130.89571018219985
1993.204;129.00189116537945;128.7155804457007;130.59798391026172;129.69773169874568;126.7687066915214
1993.288;125.28822383743056;124.51270813247751;127.23413407954706;126.07771437018256;122.71013983633904
1993.371;121.6124155737902;120.46518847735412;123.9849370001602;122.35873552821168;118.64392328546576
1993.455;117.87432846809504;116.30557950680368;120.78572786392864;118.53515152958566;114.51073056129904
1993.538;114.21105082255195;112.12675984945786;117.58360680262356;114.69382273421618;110.29849927896132
1993.623;110.5568033557082;107.89619027403256;114.37821491315415;110.92322857296028;106.03242452540272
1993.707;107.216895213759;103.75525910545755;111.15750464984554;107.23063741382632;101.9297628392996
1993.79;104.0253023548799;99.79234507886645;107.81812273906812;103.46819982856783;97.87985308411498
1993.874;100.77348060099956;95.80564612381237;104.49666546117336;99.72851888438588;93.82771110282336
1993.958;97.43040911020636;91.94315374341984;101.23466165631756;96.03259154271647;89.76279368639881
1994.042;94.09352434977536;88.27725169819259;97.95325001508644;92.43131727081838;85.71802209600348
1994.123;90.84486480303023;84.79115038296885;94.55545626693342;88.99507439382093;81.83278270090369
1994.204;87.54546108500236;81.35725110351922;91.10548997563482;85.67107348499574;78.0304743553464
1994.288;84.13658719616267;77.83105326652422;87.7930040357099;82.48844888548858;74.27593381056566
1994.371;80.7332774333535;74.288947302964;84.46791676994889;79.49213121569476;70.75864625758147
1994.455;77.51860797860024;70.79712751689526;81.01629022473018;76.5785363420349;67.58289648807917
1994.538;74.18823241989305;67.32472466610044;77.55597398953172;73.59298597525998;64.38373767876809
1994.623;70.77625228073452;63.84014576152899;74.31695904864135;70.51435133156994;61.120917773814384
1994.707;67.45834566708224;60.3491236370915;70.97891682349268;67.53134965284609;57.96397345436568
1994.79;64.25388952891139;56.884274616472;67.56263902192984;64.61097243782739;54.92203760625344
1994.874;61.00111528473387;53.47780453020383;64.23463423752207;61.63522431472446;51.91205498132689
1994.958;57.70380825229593;50.06964699554468;61.03845783630645;58.63650953803339;48.89647319393282
1995.042;54.59546909403483;46.73277375158455;57.74043908882291;55.78353293311349;45.970581610777714
1995.123;51.50371036639309;43.52039996669645;54.46371664803674;52.936780755604865;43.02687315471395
1995.204;48.38298322467256;40.35301719971083;51.339039791668085;49.98556216096068;40.21351441042455
1995.288;45.33648697116435;37.20713188509535;48.2621701347061;47.21305257749543;37.50631150681372
1995.371;42.3873789624413;34.19752256935349;45.220520645558;44.59727034149109;34.80407202095613
1995.455;39.37403729101811;31.213850823220923;42.370028677278654;41.91423050053483;32.379319102600604
1995.538;36.532402544260734;28.291238040624435;39.47852705329741;39.28640632598718;29.993419238554623
1995.623;33.78942928384883;25.57237931454684;36.70052687283068;36.83657416586008;27.67810413157757
1995.707;31.119082862790435;22.903220080461512;34.02703554449467;34.38765268444909;25.51497720817419
1995.79;28.700478418220957;20.513438302621545;31.433465613079953;31.998144604867385;23.57971862280508
1995.874;26.270542407753613;18.138925571731143;28.96773160888645;29.774882952368547;21.907601429927837
1995.958;24.00122635836438;15.917407974144671;26.75814712607638;27.66771670181306;20.379178807198464
1996.042;21.811538695872496;14.0456026444112;24.623283139975506;25.67765714113648;19.11161770928474
1996.124;19.812523530746216;12.299684602819951;22.62929903361521;23.86383725888596;18.199444785078825
1996.206;18.177592627364017;10.77617741869081;20.90302639365261;22.14614565001079;17.797082045522384
1996.29;16.654442912009877;9.587150287671795;19.48434357615438;20.634426458220084;17.995499700921357
1996.373;15.29663174371108;8.827847483572809;18.294745821066066;19.497984235115354;18.467035577523507
1996.456;14.324034034957036;8.627300966539574;17.39968840729253;18.43413347729932;19.040251123347954
1996.54;13.742326139326677;9.0269862638939;16.956988488557176;17.73116721310378;19.627597034434775
1996.624;13.665652718424562;9.62839416170596;17.212383256675082;17.471093923628583;20.27866193258351
1996.708;14.409136817148102;10.254261172607404;17.974332158822982;17.747662449451404;21.018249044603937
1996.791;15.0801238012225;10.966173106918124;18.752731320305383;18.470070454549973;21.70354814407479
1996.874;15.870954128588323;11.727369672580735;19.552993940454662;19.232552328205873;22.554755198285275
1996.958;16.671203912757267;12.495487664069458;20.441522610740485;19.94896734253109;23.425126074998676
1997.042;17.498217884065042;13.452447451413065;21.38879901544099;20.77087750458656;24.364679329938316
1997.123;18.5110091081997;14.387030380976734;22.380074513766843;21.637067321738805;25.400658750659343
1997.204;19.43706442424506;15.452038331028865;23.41956788645203;22.53718892584194;26.44121070429285
1997.288;20.541715888939784;16.59848972155335;24.508212697811576;23.565751094194948;27.64676420343919
1997.371;21.65149440413009;17.778678577754686;25.70933562681556;24.531807640304397;28.92568059090425
1997.455;22.81997627666979;19.09623826999055;26.96195600962593;25.627667567898303;30.24332609439485
1997.538;24.160579034245156;20.52844665642169;28.293480310067327;26.782296289877475;31.673414667143437
1997.623;25.485896390849764;22.000144514497126;29.693094315015585;28.00048885940238;33.27231357234996
1997.707;26.943976187554355;23.62101817538805;31.110328956651017;29.326548267005705;34.8898965595859
1997.79;28.464482905840615;25.371951906143064;32.73399628449738;30.660209211888027;36.70031216420957
1997.874;30.04940294567601;27.160790033823137;34.33488166595832;32.07637180140539;38.627439858193384
1997.958;31.755748681058822;29.150932665112904;36.08654960085027;33.608316548527505;40.64329385665504
1998.042;33.60593998368616;31.306028353888664;37.95214261923725;35.20857410965622;42.946850477742565
1998.123;35.43311811123241;33.539539961426044;39.80379068048621;36.874924802319555;45.869221734829175
1998.204;37.48240875503771;35.93172330968773;41.86554915409569;38.70066081142702;49.08559933144548
1998.288;39.60586124012245;38.560215805995064;44.00348567994332;40.64347160200429;52.5700688536164
1998.371;41.78918832246045;41.330090514601594;46.21406542959866;43.05617822962303;56.40514658876505
1998.455;44.16954199374366;44.2146002768374;48.55544205950348;45.796519015557074;60.594963521092865
1998.538;46.731947826378494;47.57162616492648;50.99049651509387;48.70682754180262;65.03014126508602
1998.623;49.580120702954986;51.41650921365644;53.42220217394309;51.79778101919233;69.6335303710847
1998.707;52.81740616337141;55.59264157104113;56.30115574339371;55.10299790311694;74.44214693442117
1998.79;56.29852657649559;59.97482750896382;59.421996981725826;58.48831718566431;79.54110874882667
1998.874;59.88982795831357;64.57180073140385;62.74476477339935;62.129506031651296;84.79812319336884
1998.958;63.681853264638725;69.47807525648976;66.24809862858525;65.95359281487606;90.09032875656486
1999.042;67.70348872091712;74.4714198655014;69.86671406513781;69.81402499776213;95.55434840787277
1999.123;71.68719688428057;79.52167930165673;73.53510107996416;73.77002233275229;100.87465759383171
1999.204;75.82835519187896;84.69114531324166;77.36897644359064;77.85612433275197;106.29829528278452
1999.288;80.08445589503116;89.84382754084393;81.2034341138476;81.89301574774504;111.65995995172334
1999.371;84.20277273213821;95.07359405309263;85.05064614600116;86.02731567066343;116.91279646990095
1999.455;88.53959031645981;100.20077494686954;88.95199823517193;90.2414745856706;122.26619842599337
1999.538;92.68078368002212;105.25916189758752;92.75547772404364;94.30395105866994;127.329571852695
1999.623;96.85708572457004;110.28336232847592;96.44672790848075;98.41204978223152;132.2872941616873
1999.707;101.03449653503633;115.15564703121376;100.16658849465952;102.43366259884289;137.12630028385317
1999.79;105.01999869518042;119.77884423192351;103.82622880577576;106.25724912573423;141.75618915091934
1999.874;108.8540962830397;124.29892437008547;107.31983337658978;110.01923308333258;146.15325289039558
1999.958;112.67236466311316;128.71054452910707;110.67592093417944;113.82748492368135;150.46274085501128
2000.042;116.32759156511804;132.9233457796065;114.0166385961162;117.39474043236532;154.56550819834547
2000.124;119.80567403305416;136.86301371087586;117.2242439535829;120.71242039723302;158.38767234735664
2000.206;123.11081682088606;140.57043475339503;120.25524878480395;123.92159676607088;161.95518181515226
2000.29;126.21605589208323;144.18876889418777;123.08498745205505;127.02948529979582;165.2932750096115
2000.373;129.2287679694164;147.63669232897243;125.70776557262424;129.95990812320818;168.35883987636512
2000.456;132.12629648561642;150.84036555999464;128.16323448625803;132.6658778504934;171.16592362050864
2000.54;134.84755684072715;153.77908628461722;130.65904997415936;135.22511340664553;173.81941317891
2000.624;137.36063055500043;156.47158777040437;133.00248488203658;137.59531437807968;176.25988115206172
2000.708;139.66649257103714;158.94873806350387;135.1271431545455;139.73629661291335;178.44640335075164
2000.791;141.75934533328504;161.19212325859482;137.05206677985925;141.6989305017146;180.3984547512256
2000.874;143.63789502487654;163.18791180646244;138.78057864959126;143.54623269585102;182.08009528599877
2000.958;145.32882275277026;164.94741876709037;140.3150888450999;145.18197651594951;183.49809780066548
2001.042;146.9280321757774;166.51246033102234;141.66184491070575;146.63969074417702;184.64838252007183
2001.123;148.44250565257815;167.94555893605653;142.84908391160153;147.94915782717558;185.58878375484392
2001.204;149.735577930604;169.14594564431073;143.92731933911975;149.07855166380656;186.352524366368
2001.288;150.8222862338209;170.1063915651264;144.91665316579392;149.9884374993283;186.86885342503192
2001.371;151.70558501518218;170.83350702693866;145.7356974078726;150.687858105481;187.144629003654
2001.455;152.3873544962626;171.3330672413218;146.39535436295955;151.17907788494097;187.1796040771989
2001.538;152.86767244473984;171.61496553796275;146.88838680202392;151.4580957392877;187.00756408091257
2001.623;153.1753990154;171.67198385408412;147.2055696696522;151.58926079796785;186.6354702535624
2001.707;153.41272284194164;171.51506818407054;147.34539323339587;151.60687925763256;186.051956592298
2001.79;153.48330470948196;171.22874710011197;147.32607721186972;151.48712462163027;185.35681192046675
2001.874;153.37124459511767;170.8238128016987;147.22169955628888;151.2214982092087;184.4697833574025
2001.958;153.07539562695524;170.20622056174042;146.9587789344616;150.76760801471607;183.37488429138787
2002.042;152.59705642314606;169.38749958035066;146.54065934628892;150.12156074077544;182.07394456869375
2002.123;151.94110794620084;168.37068597295118;145.98476382109243;149.30391545386516;180.5768057078625
2002.204;151.10392796211883;167.16297558619297;145.28185589440926;148.3580116323505;178.90629269439142
2002.288;150.26299872985376;165.78480329657907;144.41446456086365;147.33438494239084;177.10235876948
2002.371;149.348698802828;164.28040095241423;143.43429742458835;146.17449417815803;175.21764574577048
2002.455;148.26172585468123;162.71427651011896;142.37814580803533;144.8478372538656;173.20304810745623
2002.538;147.00624606379438;161.0164558048892;141.24375913030957;143.34841643006197;171.00268955966698
2002.623;145.58501704081783;159.1570228272573;140.00214002944466;141.69050215936184;168.6320513905704
2002.707;144.03699480235954;157.1323501010533;138.62955827454255;139.91527642847487;166.10942916050394
2002.79;142.4213574996504;154.97136945813276;137.12102053523333;138.13914453928274;163.46360078429524
2002.874;140.75144976484052;152.7139389627731;135.51737567294887;136.23728373457155;160.7711897525631
2002.958;138.9859328114078;150.3084076493489;133.88500764988763;134.17964851779408;158.01525929728567
2003.042;137.06997562892911;147.8758167363006;132.21887672487532;131.9628278789948;155.11138474739647
2003.123;135.07791419438126;145.38207060247188;130.43858864309735;129.63770137247096;152.06932612909952
2003.204;132.9558958933904;142.79486627744598;128.58164630106165;127.3581056893734;148.9532864171553
2003.288;130.73359532583711;140.1225296061886;126.60462949649953;125.01105611521012;145.69904617067263
2003.371;128.5006091994059;137.31366045197294;124.5930855158431;122.5326247248156;142.39764724682172
2003.455;126.30339093261868;134.41014095046157;122.59970296813812;119.94971555411465;139.13593610065914
2003.538;123.96618469088814;131.5459479618904;120.60527571785352;117.29593547662807;135.81291758161328
2003.623;121.54767120130153;128.69264392584537;118.58378809422209;114.5590160793377;132.3863604623378
2003.707;119.04466133067078;125.7664121400901;116.54356147970228;111.84029388541838;128.8315481167342
2003.79;116.56078696170276;122.8002261514907;114.56584050525902;109.13197330262534;125.26213384296356
2003.874;114.19631623323905;119.74594112263183;112.67701929683555;106.34235432015328;121.78785381457224
2003.958;111.76718896273344;116.70642546795769;110.80232812795845;103.44877416119506;118.40884866095855
2004.042;109.33788187194732;113.75874718382605;108.80850614735492;100.54262125465594;115.01000340913114
2004.124;106.99017840175996;110.90153652828243;106.71417711630096;97.74124540942854;111.61710389257236
2004.206;104.7545519736373;108.09261533670954;104.50260747708698;94.95595915447636;108.17277063875144
2004.29;102.57143951612233;105.40552471188522;102.32068104077068;92.1290333936449;104.8046428367377
2004.373;100.31749308276464;102.64903051897112;100.17535941658394;89.28708632360461;101.6128385589807
2004.456;97.96677487531085;99.94116972424608;97.91700892675662;86.55556805611603;98.37405016348988
2004.54;95.51022460685697;97.28092000785388;95.56770476872929;84.08655601132104;95.1830078694278
2004.624;93.07746065161182;94.56585348931154;93.13125399808422;81.72134727014081;92.05501769612675
2004.708;90.68823144217195;91.826797499293;90.7459512745538;79.30155259671993;89.17402358979781
2004.791;88.21797251921177;89.03596642719218;88.37086520205487;76.84864672160458;86.5551419857751
2004.874;85.6657906630015;86.34083836024826;85.88641035576899;74.42578525918607;83.92422192084008
2004.958;83.04299990890583;83.66890199726737;83.31975372719518;72.03555826474496;81.18982620014302
2005.042;80.47695827548266;80.91403028505783;80.77496517974622;69.66713556391016;78.52662039997487
2005.123;77.92866953545887;78.11902991746031;78.24881159320172;67.28860295426665;75.90355965804662
2005.204;75.27792880163555;75.34937420019652;75.67475405894658;65.00800672342133;73.23120172222986
2005.288;72.550133242507;72.62455720940937;73.01608819686435;62.78392900238836;70.49055214204955
2005.371;69.91109235960998;69.88327497800195;70.32554730562123;60.49074469444707;67.79963730275061
2005.455;67.29455697441668;67.07101117532807;67.74428028946372;58.16772829151486;65.16640301098586
2005.538;64.66505862806105;64.2338522947182;65.0966797770655;55.97443475632916;62.52157936923728
2005.623;62.06436734719921;61.56858668383894;62.34572927242546;53.793752599691544;59.866845271057045
2005.707;59.56060508791597;58.8283627572989;59.65882482762046;51.54586542739329;57.253659258551686
2005.79;57.08499433498809;56.02108358309327;57.16867385131736;49.30512096140279;54.70423756069475
2005.874;54.5856942350636;53.281601924678576;54.645679699474336;47.22067990795562;52.1139478087408
2005.958;52.11133827300125;50.64024488235257;52.10697766531711;45.0680629753277;49.55630767617898
2006.042;49.70310854218622;47.91600529764137;49.71966180335367;42.91563528365042;47.038517661837545
2006.123;47.32187215543456;45.2206565528313;47.387874749964446;40.84357276483615;44.52578267298987
2006.204;44.84883496794401;42.60120310641538;45.00414539230297;38.793780004901585;42.02536755330669
2006.288;42.56449976677081;39.98774484954829;42.67569376306744;36.697356238860095;39.7053343961536
2006.371;40.29048445348671;37.386719665352686;40.44201934531618;34.8030231999418;37.3508975094361
2006.455;37.99071698778562;34.89438678930923;38.15631291099518;32.85005406898073;35.04038971506311
2006.538;35.744712294050295;32.43612415551492;35.96492994995204;30.958859174341946;32.8400243363779
2006.623;33.580503995778514;30.06174817507116;33.89295510738089;29.179566684141644;30.739878493258843
2006.707;31.39185145485942;27.787405855213933;31.8143690790877;27.46861258584138;28.707149134340096
2006.79;29.368371388441428;25.57715650100649;29.83005552945291;25.8026533864443;26.796912754440168
2006.874;27.44180582167991;23.41914903569816;27.953942553172435;24.25987576557025;24.916178944830616
2006.958;25.551913872168026;21.39896415600121;26.097044085445106;22.744674828530695;23.152721392908266
2007.042;23.744869645110683;19.41179323461766;24.325645089479487;21.33058467996402;21.57904956001524
2007.123;22.01778068773636;17.579386599952795;22.68792144890172;20.03271291701098;20.147287557548303
2007.204;20.380729411963735;15.935256349075498;21.03627216663823;18.78259854386403;18.89251711842066
2007.288;18.810241738815844;14.433073504858116;19.58808123253596;17.76709837055675;17.769237780910615
2007.371;17.367935925922836;13.041821842507014;18.175272964748206;16.915408771735095;16.940385725692053
2007.455;16.11231162476997;11.894786821703336;16.913154220117534;16.232390423474733;16.408175653473492
2007.538;14.988589979524413;11.001328312196751;15.880200067486498;15.712965763435662;16.16565293692283
2007.623;14.05738807685031;10.36875855043405;14.978425506568271;15.401807702644708;16.570612878540736
2007.707;13.29659424050509;10.119243557285122;14.240082536693894;15.47174384107118;17.21078092875056
2007.79;12.790408080294869;10.37459920749032;13.665877364729106;16.01005904191233;17.926764289094265
2007.874;12.591657067123778;11.00077399888806;13.406408426351906;16.814498056106935;18.66154207088024
2007.958;12.712464403093202;11.668362659113887;13.58386971644676;17.66540021852013;19.42707543788455
2008.042;13.457682483452958;12.381489107591952;14.205148833330268;18.5144544868581;20.259682542256176
2008.124;14.26874696098234;13.148034780302622;15.14672820879982;19.471686929554757;21.135781479401786
2008.206;15.105816588798127;13.96037998136872;16.01893417561054;20.402958583777902;22.060174204497415
2008.29;15.986862504351848;14.831711033409146;16.98568116549547;21.40734844864344;23.018890429296416
2008.373;16.894206462552845;15.720007037146416;17.97754726972255;22.431998895216047;24.022719630967117
2008.456;17.890532414133748;16.68687765000297;18.95294485763919;23.481063347715203;25.097110464715808
2008.54;18.88532643129576;17.704965269922013;20.066270050038774;24.602012942024256;26.218691746604925
2008.624;19.943673934039897;18.78694288891297;21.094075620655495;25.70749117642122;27.426303480471272
2008.708;21.04259985191127;19.971210903820054;22.251609255753618;26.9101670758962;28.71589270188937
2008.791;22.162765477308017;21.117322865219062;23.420426233009735;28.20952496821352;30.27232037161046
2008.874;23.36088472648873;22.41756107573489;24.618138066028333;29.76793803634459;32.19523510210413
2008.958;24.57382856859701;23.72335857861224;25.960693696595712;31.638351051659576;34.24572536251989
2009.042;25.87506910068911;25.096777566131532;27.20522596423951;33.583556057883634;36.57443163235025
2009.123;27.2329901172268;26.63692860185434;28.621921641187647;35.78171825419305;39.00774095627083
2009.204;28.625663613018965;28.16907510821948;30.010674421853757;38.015644547665055;41.57632699428586
2009.288;30.072335053925286;30.07213353415951;31.437364880163944;40.37383771656627;44.28699982610163
2009.371;31.56531964082744;32.15783042332402;32.98306777879022;42.872920025474855;47.043241983977715
2009.455;33.14420814673967;34.36646476746345;34.44278640903565;45.39099003820308;49.94478872981106
2009.538;34.972628859415096;36.73397171453087;36.09833637141368;48.092957939257495;52.94915916793523
2009.623;37.04317370008315;39.26376498518979;37.71677714967277;50.7220669928638;55.95436375611782
2009.707;39.26157232667807;41.81366183761849;39.42694678856582;53.490409426547366;59.02341374198746
2009.79;41.613626689998085;44.472562267886865;41.33341230049899;56.315990446455146;62.21728326675437
2009.874;43.99293579227064;47.16288558198305;43.37555891921928;59.07646761816198;65.31079775648239
2009.958;46.53445649139072;49.88124809888862;45.68965545645763;62.08568678430179;68.61229692167107
2010.042;49.13158257420254;52.66649176197637;47.98608792683727;64.94366565128752;71.80770323486264
2010.123;51.728071070188975;55.41769808868469;50.38166599406944;67.91752162079972;74.9890566071214
2010.204;54.422707105349005;58.232914075507146;52.87989181603757;70.9031683624198;78.23367409561943
2010.288;57.15286004586001;61.05953426214005;55.42199457290656;73.80758601991855;81.30444622333559
2010.371;59.92069221745581;63.833701613339485;58.121615239576215;76.77843203222791;84.42607244057935
2010.455;62.72206329108569;66.5646326412954;60.68997754331739;79.70522308949032;87.50802979011186
2010.538;65.51539442378484;69.31434784724586;63.37704769568164;82.58711822054711;90.41624003748254
2010.623;68.28426657335059;71.90010926250545;66.09613431562107;85.50226773114275;93.22639331409684
2010.707;71.10731815457294;74.45313232319567;68.73033592306795;88.3977999460799;96.07951792919684
2010.79;73.84113156661758;76.97878642750995;71.38898992539306;91.1623268619568;98.73130350660377
2010.874;76.58786277803432;79.40545129057742;74.13255032552617;93.87101691418844;101.17812242259387
2010.958;79.36484773630782;81.68804476778456;76.78374398077631;96.5895721525465;103.56841392309104
2011.042;82.09703075166405;83.91892167469672;79.42775103821229;99.16637872672784;105.91475302318209
2011.123;84.71198889528156;86.13053603465062;82.11041022139241;101.61719215882566;108.12334439521597
2011.204;87.31165931598603;88.21145511903835;84.7544508168675;104.00852697809287;110.13319938144848
2011.288;89.90254834115919;90.14733806907816;87.2771520983435;106.2990786115316;111.98135948751526
2011.371;92.37696268249346;91.96670240790658;89.72775280634072;108.49303092419736;113.67596880114458
2011.455;94.69749617277932;93.62075272645193;92.20560847950487;110.52864926929448;115.20697423298056
2011.538;96.92658010512228;95.1597906684216;94.65972096464836;112.37549693702816;116.6237992718759
2011.623;99.10409596210748;96.62362201968264;96.99727175810672;114.02773624805016;117.990799749808
2011.707;101.24407016163448;98.00546578386152;99.2163208490096;115.52144988547336;119.17181189486372
2011.79;103.2367330031286;99.27096748356963;101.274835687186;116.97910401455694;120.21567459773628
2011.874;105.03716177738784;100.38878912474904;103.29544799778525;118.311246513341;121.12772325316996
2011.958;106.67251256967292;101.3564122248677;105.21666018721156;119.47243070001817;121.89080639711784
2012.042;108.1778475590386;102.17530490292712;106.9699608999216;120.47001498562996;122.48698388220582
2012.124;109.5182542804814;102.86728189351156;108.5723142387816;121.31951980726772;122.92285624065828
2012.206;110.7687039269237;103.43599697457792;110.0572956128016;121.99608852109792;123.26360508174304
2012.29;111.92211425970568;103.89067660836147;111.3996835881898;122.51280933978992;123.4683383692474
2012.373;112.94618704028788;104.28699162753712;112.57770065841991;122.91396211907296;123.51545041022106
2012.456;113.82629938941608;104.5598856091627;113.59884866433744;123.17762012422358;123.4386463797346
2012.54;114.55192207929812;104.73617061069808;114.49746704319476;123.28939124679108;123.29549374515702
2012.624;115.12182105842804;104.80200358252158;115.30633782958924;123.27858992273264;123.03465875326488
2012.708;115.537938934932;104.73198219419012;115.97111159673892;123.14853897167316;122.62606022404556
2012.791;115.8000930994022;104.53527921463775;116.48883345176306;122.87160910924338;122.1275679233228
2012.874;115.92413487914902;104.26168640916848;116.89242149896256;122.5087504806421;121.5405617784274
2012.958;115.95688970997;103.86983344621372;117.18629822146391;122.06917299933605;120.80928009088208
2013.042;115.90220697079258;103.34615507028126;117.33118545497877;121.50642385109632;119.93857739910374
2013.123;115.73980976848873;102.72667018155738;117.33400994221142;120.80153549425002;118.99491990588228
2013.204;115.44639187168002;102.04904467791788;117.19679636329155;119.95826584316208;117.93426710034204
2013.288;115.02823699366296;101.25901447683124;116.92040922264056;118.9763699226038;116.76648388413994
2013.371;114.51378650984928;100.4010968960188;116.5160821056457;117.87209863509509;115.52684658381372
2013.455;113.85781076323084;99.44514127496925;116.00713321381636;116.69557048768034;114.2125755798851
2013.538;113.14849552443096;98.37869905930184;115.42203062863123;115.49887348167908;112.80450093834814
2013.623;112.34242201110872;97.22029131827668;114.78730295679526;114.17719484637703;111.32170912838338
2013.707;111.40261883551004;96.008983011981;114.05862065481963;112.7272127220604;109.73121590887835
2013.79;110.33593616021108;94.8395925738266;113.208506894221;111.16459796881634;108.0394613081216
2013.874;109.14318990530408;93.59923700308988;112.22946821177116;109.5209287773322;106.3052173221026
2013.958;107.85637000627358;92.2458981744757;111.13136862595798;107.83364788276826;104.54220970646112
2014.042;106.56142119092388;90.79184828932598;110.0019351898828;106.13265842972844;102.7009099591533
2014.123;105.22911810788344;89.2692047509139;108.79613188641773;104.36431962327416;100.75378965537564
2014.204;103.78863433947134;87.71760886081695;107.4876361458814;102.48910479698256;98.72362666436908
2014.288;102.2316475256066;86.1763783467682;106.09205996353784;100.5000297567824;96.68119977477656
2014.371;100.55784980938796;84.6078452540457;104.6319122540409;98.4441472124789;94.69643291875718
2014.455;98.80129582884366;82.97047452060387;103.05467379074204;96.40106690826458;92.60349079331893
2014.538;97.06539197908468;81.2589523116924;101.47215857357716;94.29756409411956;90.46209394677966
2014.623;95.33127475226868;79.5161006341465;99.81469010249116;92.13194667280554;88.27611537032776
2014.707;93.47896019736886;77.86367170946008;98.03769523694385;89.870926000119;86.08258935537992
2014.79;91.56552749886804;76.22514920535383;96.17506798348212;87.57229528472624;83.96349450374825
2014.874;89.57625513193192;74.5688693331097;94.3036059239039;85.34227249235407;81.81077903764707
2014.958;87.58628437952386;72.93171526476073;92.40939928262976;83.02648995830697;79.63116177545345
2015.042;85.58436339809495;71.3915876799536;90.48256711443322;80.60682650105996;77.4117535638867
2015.123;83.50065835228158;70.05379743819702;88.47707790361575;78.14958611189152;75.25431141861306
2015.204;81.32205040173272;68.69219992818361;86.38233343042681;75.74234278761098;73.26084231225752
2015.288;79.17091749021975;67.25147114363476;84.24693356792467;73.38116682525884;71.30659581570333
2015.371;77.02567407448798;65.73073760843688;82.1049423133703;70.9091459231148;69.52883744458234
2015.455;74.85926256764071;64.16591117589634;79.98877220734741;68.43088642977955;67.79506359311898
2015.538;72.66397524319717;62.68414932596852;77.8297763921776;65.9735041839303;66.0831018779553
2015.623;70.44431873487908;61.13493647570427;75.61870354035494;63.56799136281521;64.3880221241494
2015.707;68.16302195123947;59.50672642860424;73.40010623913426;61.1898069982669;62.61056203643094
2015.79;66.02395371923676;57.84422813004822;71.17529525015775;58.7677106462016;60.75448095789908
2015.874;63.904272847329835;56.19246586364652;69.01116908732429;56.394751166530945;58.94646600275393
2015.958;61.754692247953685;54.54967186565591;66.83211707177644;54.13075012245297;57.146062620909504
2016.042;59.6578101220787;52.83712767679595;64.58245966328207;51.9338605201419;55.28560034070835
2016.124;57.64618149690254;51.064558141361424;62.34706026180498;49.79181175740782;53.369101956799994
2016.206;55.80476011795932;49.32615812919231;60.292946215096975;47.80836551121607;51.47446930637957
2016.288;54.146376120486515;47.61756937915477;58.194571908313726;46.20084560352152;49.59686822950126
2016.373;52.53154169661191;45.83094637096014;56.12213562582349;44.5987398538232;47.67202423118464
2016.455;50.886082646284706;43.98561057045114;54.15840481333901;42.928829643345445;45.713754064866464
2016.54;49.31178415055121;42.23412528153969;52.403798158108685;41.28011945136608;43.778446693161904
2016.624;47.66521307105681;40.46811695203905;50.8586292729153;39.69276520251347;41.866343152189245
2016.706;45.94490609621324;38.62789868687609;49.242430216070176;38.035204347941345;39.88651898537357
2016.791;44.269832470244545;36.77645874734566;47.604219759811706;36.340801536807234;37.93131937179116
2016.873;42.6378248009642;35.014468531140714;46.00167770807591;34.70764516807314;36.00313541088209
2016.958;40.92882652204861;33.18755552869947;44.39064528075682;33.066745111205286;34.08155042341126
2017.042;39.17253392407144;31.35265327716887;42.71845360921736;31.388060265092783;32.21001978428589
2017.122;37.50144751997969;29.558215674031835;41.04124152274379;29.743046296170657;30.55302979353879
2017.204;35.808915957714035;27.767860705699185;39.41556834082008;28.118487785498925;28.89838624263518
2017.286;34.0711987150079;25.917765717863105;37.739122514743606;26.43124625299427;27.250355093418943
2017.371;32.35097740980878;24.203745431406027;36.04602799666392;24.81168022401164;25.675792081344717
2017.453;30.6730935236421;22.46097984870094;34.38478320979342;23.23231479374741;24.17842069454263
2017.538;28.917337307722107;20.7186176770071;32.72732965949258;21.606423155534284;22.646050880619015
2017.623;27.2343857907662;19.080530380505195;30.986471949653343;20.041308390278527;21.3134562127274
2017.705;25.58091934122423;17.585226756032736;29.34935813687356;18.488085683270505;19.973626278887924
2017.79;23.894156788080483;16.10719264063071;27.716879888298728;16.93803152452028;18.68957855621262
2017.873;22.216271991771464;14.767394450978582;26.042361790522985;15.42795580781062;17.52764031526724
2017.958;20.60598887291643;13.482488060205164;24.382550655137685;13.95425680026038;16.34209372923014
2018.042;18.94708163145736;12.288104209704926;22.779886175881455;12.481709788303949;15.31226826983385
2018.122;17.35615232841746;11.201140151092716;21.106065908010855;11.194116416627176;14.283833881960906
2018.204;15.801572269232429;10.115953232256285;19.52468458533708;10.011655116052442;13.374326876427917
2018.286;14.20928144600598;9.205492465208383;17.964626322791947;8.964475986540055;12.58833867046353
2018.371;12.76794796912132;8.348479209415943;16.376838028689203;8.045235667779977;11.825350118649798
2018.453;11.256404239284132;7.598053813632241;14.886252182485045;7.203144156350132;11.277933834669938
2018.538;9.845528943963004;7.0265250173879545;13.361876810881473;6.446630933187147;10.863259037839184
2018.623;8.506826302481803;6.624497883873448;11.90611330136098;5.924642685375025;10.565043616506616
2018.705;7.247295043492108;6.319112701027485;10.468634740034323;5.495914509480717;10.440960799381012
2018.79;6.253467135503179;6.2318115685894835;9.080551042807055;5.162440508605731;10.590404470893828
2018.873;5.3482532427869565;6.441781927849234;7.809594268057187;5.003383297318141;11.082907762008384
2018.958;4.6145366458520725;6.963614908549348;6.514593938966426;5.035206259494094;11.831237421879662
2019.042;4.073802476538192;7.680614375892566;5.362500645967237;5.327827105644997;12.649345178043994
2019.122;3.6803057848622505;8.361664120334366;4.249655704137758;5.973513305184465;13.478656093317284
2019.204;3.4114690661078977;9.135265002159445;3.195315933209963;6.749714475328522;14.331953556335542
2019.286;3.4110178087644525;9.889203854780348;2.3391249220943124;7.534481805349843;15.221269594341074
2019.371;3.747979779331184;10.690040082501891;1.799112509944882;8.396872092266534;16.127172858509873
2019.453;4.331601165487877;11.5558274678578;1.4910176206067074;9.22527709640847;17.07069656612672
2019.538;5.056118972399122;12.386104820766487;1.4299812506639191;10.157249360176072;18.023447050494013
2019.623;5.833810129568545;13.323304239451414;1.7197012417149016;11.104351398274057;19.075566403978023
2019.705;6.605123731417868;14.238817621716692;2.298961202002004;12.078222789191551;20.36652694519134
2019.79;7.456643127527949;15.213576041554262;2.946494462435193;13.12583645236181;21.9087746204392
2019.873;8.338110926124289;16.244167220187823;3.625428904728821;14.167088582910967;23.609714561384152
2019.958;9.249842133283444;17.271385191887784;4.329178419741069;15.278066343669249;25.449631051838455
2020.042;10.211707643582711;18.37803068031465;5.114050847131865;16.414355222385158;27.418095043000875
2020.124;11.223068652554664;19.476417988606357;5.9549165817091225;17.583268754657386;29.490935302921756
2020.206;12.240268258505948;20.64356097410624;6.813159956915226;18.793148030863858;31.630949813191748
2020.288;13.343242450070036;21.99819435983352;7.7566967490014145;20.0446317657368;33.82473899732488
2020.373;14.45265895735986;23.58885468566311;8.739345548367893;21.449905027970924;36.11236376029475
2020.455;15.60261334119448;25.349860743795407;9.748758639571069;23.1526676097355;38.47711379588108
2020.54;16.84207818360223;27.22392739258142;10.82079548212689;25.065369033318763;40.8902866133425
2020.624;18.0283627310247;29.2209160993069;11.943141453707074;27.1348249569784;43.35274376285224
2020.706;19.35501080863422;31.312121192829988;13.05738883903617;29.377076617244494;45.915446559156834
2020.791;20.664087097704584;33.50775042371082;14.303502605475137;31.753855360918777;48.55699679883548
2020.873;22.019677494222993;35.83950464296548;15.52190669134148;34.308546097810186;51.26579634896421
2020.958;23.464488054874256;38.251975187267085;16.813544060660366;36.97382712508687;54.015954181363185
2021.042;24.87585664961964;40.807769625699144;18.175928599493172;39.78591272252129;56.82962251922878
2021.122;26.397630070265983;43.43377418848886;19.52696610857044;42.77532989854372;59.78773512628361
2021.204;27.89793461762239;46.187573714045655;20.97956544190052;45.88890438336951;62.742888448094206
2021.286;29.461763039060227;49.11217114029907;22.431107186465347;49.245491608759735;65.8488872433131
2021.371;31.230517308108148;52.08298477988787;23.9361078845058;52.80695828218395;69.01846257610607
2021.453;33.28337438391654;55.34262831365014;25.48586011461725;56.60131401988425;72.25146379525384
2021.538;35.59400134169633;58.750234632599394;27.05688881820081;60.66071701530343;75.68450183849056
2021.623;38.034905708790895;62.348542831294694;28.67737064367691;64.99076154664439;79.18386866879428
2021.705;40.70882226102453;66.18614444466617;30.324382115859382;69.5903936105608;82.69287730524195
2021.79;43.56223005692367;70.17560748401316;32.00223030233742;74.50781886386734;86.2755892727839
2021.873;46.551528489764024;74.13530309967125;33.71131958938841;79.5292863064646;89.85174633252154
2021.958;49.80908180254791;78.10666312434716;35.44436493997333;84.63350890735562;93.28777421607636
2022.042;53.16708134582061;82.02478072621847;37.201971561396846;89.81707055180857;96.61440354910091
2022.122;56.87129460209832;85.79123275508094;39.01949661838464;94.83136690213864;99.86394837939636
2022.204;60.846893718641205;89.35776837334528;41.1874994102952;99.70510831988798;103.00342397844392
2022.286;65.0538333418278;92.78593325397684;43.61979496809491;104.50265199227508;105.96549706980782
2022.371;69.58541626990957;96.11155829813534;46.27864720173432;109.12708023236704;108.72156572985593
2022.453;74.33252153270372;99.25676649279904;49.16445341815797;113.52349794847436;111.3113375229338
2022.538;79.14625067301469;102.2003361979701;52.19400170971606;117.75590716580052;113.777822095157
2022.623;84.04805595681937;104.9661532142282;55.51689052954469;121.7927139902533;116.0459445035656
2022.705;88.91812755236347;107.5794304070379;59.04920227369689;125.5753711286728;118.10716474770864
2022.79;93.6175297021115;110.05499082027914;62.862578231376624;129.10476717027333;119.96571085237235
2022.873;98.22596675339491;112.33773297900728;66.97529100554992;132.4482783330485;121.64423460135906
2022.958;102.69960485903054;114.42114065052688;71.26746747648261;135.64065499861027;123.22284823763022
2023.042;106.97580756591462;116.3132083189576;75.74915978388816;138.57425220813252;124.69878224611888
2023.122;111.03813639009792;118.0177047742193;80.4113192461325;141.29021536002645;126.0107961894095
2023.204;114.9451801702001;119.53742707239768;85.07614424090919;143.77914846145546;127.13858780610272
2023.286;118.76156773750412;120.96827027387636;89.69220947572471;146.08611610780324;128.09182098094482
2023.371;122.3246953924393;122.27505596967865;94.2981987630472;148.24363259758408;128.87450884836443
2023.453;125.64744901825073;123.42861118139824;98.79401314583382;150.21696088982856;129.48972394780668
2023.538;128.7270935846132;124.42180715790826;103.10247218082074;151.96549322223754;129.9568216679443
2023.623;131.61795214860993;125.25055965359968;107.2128578816968;153.49570509216042;130.28954350807928
2023.705;134.3703370937494;125.91905788659967;111.2123060176036;154.81223688629075;130.50216732507317
2023.79;136.90600066733774;126.44129822164776;115.11783521303478;155.9200144927601;130.60146793890112
2023.873;139.21640094540402;126.83067239131962;118.7963632239772;156.8460899942063;130.56275023665984
2023.958;141.3178820210092;127.08626992516594;122.2385591040704;157.66915959415283;130.3965919769428
2024.042;143.23956647926047;127.21087990938294;125.44720066187011;158.32340025700958;130.11008428146704
2024.124;144.98779601479882;127.27113239817768;128.5057124192701;158.78795926019674;129.70266898348726
2024.206;146.5429081736646;127.21839947396792;131.41165189930004;159.06129095995374;129.17970781155634
2024.288;147.97631561953335;127.03444433094955;134.0815527835959;159.14905424365767;128.56108665671806
2024.373;149.2225552030607;126.71678440989032;136.53049164733696;159.0551511242385;127.81187434642412
2024.4563333333333;150.27024978710628;126.2694209341236;138.7595983681072;158.7806783303713;126.93163497438346
2024.5396666666668;151.1274246868408;125.69429591673808;140.8044717200262;158.38105239567852;125.93713176847666
2024.623;151.79742055450149;124.99259329178705;142.6815758456741;157.87502949717555;124.8392582006845
2024.7063333333333;152.28341408688777;124.19015899546352;144.3983553914027;157.23957920927356;123.6441901779386
2024.7896666666668;152.63330739715917;123.31551998845326;145.96980442355016;156.43949865045323;122.40569686064144
2024.873;152.8337595005252;122.38570815218996;147.3416949938783;155.48263319139463;121.10958000325088
2024.9563333333333;152.86851394359192;121.39333728069272;148.517542292799;154.42100746115537;119.7161229475356
2025.0396666666668;152.73909652139832;120.28987892918748;149.50213928649222;153.25039666856435;118.2172358147278
2025.123;152.46578721547826;119.07909695100278;150.29846674143644;151.9708276161229;116.6280400777097
2025.2063333333333;152.08806112280993;117.7593432642904;150.91466699540567;150.58768404028422;114.93856457808424
2025.2896666666668;151.58077377235102;116.35542679016224;151.3795109864963;149.08629650941612;113.188634366646
2025.373;150.93490915513286;114.89440617192368;151.70512382159646;147.44345000353647;111.35982441501086
2025.4563333333333;150.1667589054795;113.34912559472464;151.86915228128845;145.70979065930172;109.4908397629188
2025.5396666666668;149.29884238571242;111.7045463845316;151.8713991120866;143.87885457654923;107.6015200113434
2025.623;148.3127801900212;109.97259488200363;151.73311744541172;141.93226211886852;105.63357964968964
2025.7063333333333;147.20720354515387;108.20821332080608;151.46152070413726;139.88731716182966;103.5605007403292
2025.7896666666668;145.970247674869;106.4416131071597;151.0291905467638;137.7762582019597;101.4689493309707
2025.873;144.59576950928115;104.63235442344316;150.4323031946702;135.54984770170194;99.31752291422686
2025.9563333333333;143.0987776700733;102.77245981661396;149.73716041827856;133.20351893182192;97.0754035552181
2026.0396666666668;141.51978507570809;100.82969306741636;148.97165984785994;130.76247561906607;94.7730954349298
2026.123;139.84851138404102;98.7969025151222;148.0709492322921;128.27157007031914;92.433056207901
2026.2063333333333;138.05564941946764;96.673728868518;147.0257571018589;125.7871009458792;90.08789867231349
2026.2896666666668;136.17239357053026;94.47228328617608;145.8498936619868;123.25757457325524;87.72900442939581
2026.373;134.21442187610427;92.25392993273032;144.5617963100544;120.63281017290758;85.30977185978585
2026.4563333333333;132.1387895154663;90.09218595895548;143.16888662375888;117.89687489457124;82.81342470330036
2026.5396666666668;129.99194333813534;87.90097910179574;141.67677520342278;115.0564576516125;80.30409226405543
2026.623;127.83972480594564;85.62513588921604;140.11569509980944;112.12769209175964;77.80902729083142
2026.7063333333333;125.61942506511826;83.27897097857219;138.4319026406399;109.19523267773964;75.27190989125722
2026.7896666666668;123.2897796692654;80.90069103016836;136.6223193054783;106.26627351582728;72.66798897144403
2026.873;120.86928775593428;78.49129125323971;134.68980958157692;103.31562668862662;70.0380704476513
2026.9563333333333;118.34212558181936;76.04600360515836;132.64017837532077;100.30344068946978;67.4553027456303
2027.0396666666668;115.78554791048492;73.59320328083597;130.49919182006332;97.21996779361614;64.92175851163866
2027.123;113.1968315301803;71.15136959264943;128.38427147439737;94.15491371528285;62.31887573235762
2027.2063333333333;110.55339556036472;68.70272061529303;126.17683818590972;91.02516161508274;59.65268961079848
2027.2896666666668;107.85329705287155;66.22455512406678;123.87768229996004;87.86670687269752;57.00948014877135
2027.373;105.1274032069843;63.67966466064297;121.5124265652333;84.67391646950612;54.44632490554987
2027.4563333333333;102.3602231165219;61.108650301765486;119.0781436160134;81.44781401849842;51.8861730698408
2027.5396666666668;99.55295743620962;58.585157290834225;116.60844834059137;78.28100278427068;49.3047340697412
2027.623;96.67265631524756;56.12700649238783;114.08177969571288;75.05868866152034;46.73274245097466
2027.7063333333333;93.6897123520106;53.62116178788614;111.46360504043336;71.82719430991318;44.201435096321866
2027.7896666666668;90.63697286877148;51.07563230153953;108.73527051766638;68.62503660390371;41.73466569470644
2027.873;87.69001831998843;48.56764332295989;105.92665493524204;65.4172546028035;39.33223714849047
2027.9563333333333;84.769486302415;46.09630777520855;103.12438063945358;62.14033586575589;36.88169878492204
2028.0396666666668;81.79062954430147;43.629308149570754;100.37410751639128;58.92788316484212;34.60107197135782
2028.123;78.71299810546002;41.17687049351702;97.57918792880784;55.79930262658711;32.38507234680673
2028.2063333333333;75.57597874990698;38.78569759860133;94.6906311924576;52.668740421983614;30.201960362009135
2028.2896666666668;72.48506959372278;36.39821620797997;91.7269116185283;49.507507037188766;28.169294616759363
2028.373;69.42577669868395;34.070312939914594;88.73628655461658;46.38276588017292;26.297730117408733
2028.4563333333333;66.36510219001997;31.81855513917808;85.72044824507422;43.37866699054017;24.60161367348206
2028.5396666666668;63.30352104255002;29.60431345210848;82.63776069595667;40.398421588287576;23.24682518081995
2028.623;60.24220313142573;27.48158498132543;79.56367914955666;37.4487459960042;22.07012024837481
2028.7063333333333;57.16460902980859;25.399680561791275;76.55050825649235;34.57555508402875;20.835362015206687
2028.7896666666668;54.10100384803963;23.466222001778306;73.55891037683095;31.829061499053488;19.59401971406952
2028.873;51.07907628436055;21.691983358042968;70.47817310181203;29.220187745777004;18.40748857308414
2028.9563333333333;48.091974006273254;20.07938184800235;67.30321417070591;26.615730234064873;17.175835738606093
2029.0396666666668;45.13828332584857;18.754196482447824;64.16691378535711;24.21806042418143;15.982665591218332
2029.123;42.22278989915974;17.635570900314786;61.11432277127174;21.994785888862893;14.846903546115396
2029.2063333333333;39.324019227253615;16.50630764676647;58.085575316274394;20.03501574509132;13.672110770061956
2029.2896666666668;36.53972688373838;15.384261786467318;54.99858266350975;18.508458656559593;12.55919178342366
2029.373;33.78762881101015;14.30655991644412;51.90601527475255;17.15973900229736;11.446635697272177
2029.4563333333333;31.093884101501136;13.213802975655822;48.90681999134953;15.85767139713505;10.360170111990998
2029.5396666666668;28.53416747472564;12.143461308076567;45.91311289182495;14.573178814002471;9.303163034723356
2029.623;26.101135069615864;11.10256340391657;42.90737103448588;13.304135166705596;8.26615291196254
2029.7063333333333;23.732813675677217;10.071398284130986;39.99797072409475;12.057320521820545;7.277778474274628
2029.7896666666668;21.55737445866618;9.063192884219625;37.18835544560989;10.850874244723952;6.292614803962579
2029.873;19.599172890680624;8.097407732698993;34.29226652698067;9.673407443107571;5.378204621850458
2029.9563333333333;17.94584779218163;7.137859861700357;31.55303454982804;8.538340104024646;4.499837816938535
2030.0396666666668;16.656480654658193;6.222467646201845;28.96070522440096;7.456511564438213;3.640387956367914
2030.123;15.281200640470193;5.344634057943161;26.37150620002748;6.409110595689838;2.8664410552691044
2030.2063333333333;13.990453820482587;4.487805965394361;23.888105739766704;5.376072898944247;2.136865909898843
2030.2896666666668;12.705591012614386;3.670221182515889;21.553242625029466;4.463758221212346;1.474214819896814
2030.373;11.436535470629464;2.938317418222241;19.358069610060767;3.576036547048743;0.9017113858912174
2030.4563333333333;10.23078636059649;2.21847682491853;17.43515781931684;2.72102756713683;0.4325461674855071
2030.5396666666668;9.004884324280262;1.5614668698644507;15.831562833520048;1.9431334327797067;0.1003729541415889
2030.623;7.879024699333312;1.005648231197959;14.408534081680155;1.2770702856910658;0.0036321111731721
2030.7063333333333;6.760100311012855;0.5411484431320986;13.098097094321307;0.7237990317100984;-0.0121746254342684
2030.7896666666668;5.703334166517446;0.1669665992467658;11.752565789149068;0.2615520697255012;0.0346545714698201
2030.873;4.74692947444879;0.0117856201356136;10.478854390260649;0.0336952896987393;0.197972408196334
2030.9563333333333;3.810236481007752;-0.0087768932743454;9.267956977041033;-0.0083645659950511;0.5000636364302383
2031.0396666666668;2.9154088330337617;0.0;8.040446962453762;0.0;0.8763823534360343
2031.123;2.122491394635736;0.0;6.935896660425313;0.0;1.3484428690768842
2031.2063333333333;1.4142583075816682;0.0;5.829770686223523;0.0;1.881507923147441
2031.2896666666668;0.8006851272470048;0.0;4.774161188804484;0.0;2.4563058570761087
2031.373;0.3305653911315759;0.0;3.796698254468001;0.0;3.0774563186227435
2031.4563333333333;0.0285730183973699;0.0;2.887049043819289;-0.0027012820092007;3.761575391805834
2031.5396666666668;-0.0169115434505973;-0.0090242424744312;2.037652696951066;0.0002017051545676;4.509781010521349
2031.623;0.0;0.0170191589736795;1.311426610730174;0.0526780431045979;5.277274872921158
2031.7063333333333;0.0;0.1696377021933157;0.6892085072902695;0.2942070935041734;6.107323703941229
2031.7896666666668;0.0;0.4867417298643049;0.2195764913687232;0.6638479351324957;7.005478825775449
2031.873;0.0;0.8988177975854715;-0.011025113272944;1.1344810336445852;7.938896148557476
2031.9563333333333;0.0;1.3868800862787425;-0.0001188675676352;1.7078468830923972;8.896176383689912
2032.0396666666668;0.0;1.9484204332403077;-0.0003066623776658;2.346742676548802;9.94374504762228
2032.123;0.0;2.581773650865404;0.0;3.034869747017346;10.995644259465909
2032.2063333333333;-0.0008230805723853;3.280831193225738;0.0;3.8131163495265503;12.096928622051932
2032.2896666666668;-0.000737246001504;4.0537153180302905;0.0;4.6702905684073865;13.270268105805307
2032.373;0.0073445740380306;4.866888223900881;0.0;5.57240861842753;14.44404212926338
2032.4563333333333;0.2141414506528227;5.723799636278127;0.0;6.512046526391212;15.655082686574987
2032.5396666666668;0.5870747880100984;6.646306172187195;0.0;7.560150513428;17.16138869356295
2032.623;1.0672697746750603;7.636277376120807;0.0;8.659804123777844;19.015617359424898
2032.7063333333333;1.6342075508209193;8.632336623633604;0.0;9.78540466616422;21.215166872858752
2032.7896666666668;2.297148655204704;9.714310994385452;0.0;10.981001185815972;23.747176645335227
2032.873;3.0372035893855247;10.847687418429238;0.0;12.27277764018724;26.563582702504867
2032.9563333333333;3.847451426891528;12.004760191406584;-0.008523101359516;13.560626034949228;29.815399840130578
2033.0396666666668;4.722336098007199;13.206943716685837;0.0865968210561419;14.90406146303308;33.46572895054291
2033.123;5.676731936028021;14.482971790466612;0.3773229206744213;16.497192608964312;37.64674835965242
2033.2063333333333;6.72824558809933;15.74336447320659;0.8306466834256945;18.983096594813848;42.46889659161165
2033.2896666666668;7.803439400470947;17.089852167959478;1.366724212888046;22.871556618064684;47.83572137931788
2033.373;8.9432965373113;18.475672311512625;2.0194833611358396;28.073000538247157;53.74134377506537
2033.4563333333333;10.165319269581175;19.84469800215239;2.7819621828464074;34.152911447664316;59.808916784997585
2033.5396666666668;11.428710684444674;21.321409522116756;3.618349752259889;40.78703063484911;65.93683826354336
2033.623;12.713669782967967;23.00690742178732;4.500602425203617;47.577460661176616;72.03762018258875
2033.7063333333333;14.13545280061594;25.449378910851365;5.448493475011363;54.33696884472956;77.98473814522683
2033.7896666666668;15.559189685870304;28.650023924304364;6.513160976766432;61.059295450909616;83.84496486282696
2033.873;17.032854588007247;32.59856922131769;7.624864515563171;67.62280839089074;89.55342740250418
2033.9563333333333;18.571648267473872;37.43810545387651;8.763324648213752;74.06402882558729;95.0401683410516
2034.0396666666668;20.146635551374537;42.98168301553101;9.99944554475748;80.23549172509713;100.33723616676576
2034.123;21.736230501380096;48.945017718616874;11.318753061654164;86.21054817295924;105.46359530758488
2034.2063333333333;23.424252071970734;55.02368925120865;12.648059851531512;92.04446525379564;110.3058569313526
2034.2896666666668;25.0536077112946;61.13506989641549;14.066778717966882;97.54375344743032;114.98065294990852
2034.373;26.86805801050797;67.25071970622827;15.542664527480676;102.90013787281735;119.46342749429486
2034.4563333333333;29.44454121191844;73.14844212913441;17.03922084960607;107.94493374275888;123.68650555420454
2034.5396666666668;33.297577617317565;79.01239072243254;18.601836573328463;112.71217724742054;127.66701346813826
2034.623;38.31058924919171;84.70468457366681;20.237337650234466;117.24577225711668;131.49529934236526
2034.7063333333333;44.03757725550176;90.18276601892576;21.83308121132902;121.49197090499462;135.08206880047484
2034.7896666666668;50.28600562317579;95.47639388040928;23.579387546832987;125.39925978183126;138.3982264381484
2034.873;56.73587906184285;100.59608947260764;25.301993040614313;129.12455338562128;141.46159737524113
2034.9563333333333;63.14998366857951;105.44295616655803;27.061223544185147;132.5799591301292;144.32146105193337
2035.0396666666668;69.61896801514227;110.10707295291728;28.88200874036933;135.7167770805456;146.99401731248594
2035.123;75.88527819353584;114.58248616141692;30.67104349763213;138.58915748956863;149.40221242609582
2035.2063333333333;82.07099153361209;118.82408908819292;32.53870696584755;141.27466444969903;151.55894710539954
2035.2896666666668;88.12572218955601;122.80935213713376;34.31320874700453;143.64822925454928;153.46087824857966
2035.373;93.94925214632887;126.5841598496332;36.841436194215945;145.70497137149334;155.18373349749473
